1,OPTIMUS PRIME,FREIGHTLINER FL86 COE SEMI-TRAILER TRUCK
2,SENTINEL PRIME,CYBERTRONIAN FIRE TRUCK
3,BLUESTREAK,NISSAN 280ZX TURBO
4,HOUND,MITSUBISHI J59 MILITARY JEEP
5,IRONHIDE,NISSAN VANETTE
6,JAZZ,MARTINI RACING PORSCHE 935
7,MIRAGE,LIGIER JS11 RACER
8,PROWL,NISSAN 280ZX POLICE CAR
9,RATCHET,NISSAN C2 FIRST RESPONSE
10,SIDESWIPE,LAMBORGHINI COUNTACH LP500-2
11,SUNSTREAKER,SUPERCHARGED LAMBORGHINI COUNTACH LP500S
12,WHEELJACK,LANCIA STRATOS TURBO
13,HOIST,TOYOTA HILUX TOW TRUCK
14,SMOKESCREEN,NISSAN S130
15,TRACKS,CHEVROLET CORVETTE C3
16,BLURR,CYBERTRONIAN HOVERCAR
17,HOT ROD,CYBERTRONIAN RACE CAR
18,KUP,CYBERTRONIAN PICKUP TRUCK
19,OPTIMUS PRIME,FREIGHTLINER FL86 COE SEMI-TRAILER TRUCK
20,SENTINEL PRIME,CYBERTRONIAN FIRE TRUCK
21,BLUESTREAK,NISSAN 280ZX TURBO
22,HOUND,MITSUBISHI J59 MILITARY JEEP
23,IRONHIDE,NISSAN VANETTE
24,JAZZ,MARTINI RACING PORSCHE 935
25,MIRAGE,LIGIER JS11 RACER
26,PROWL,NISSAN 280ZX POLICE CAR
27,RATCHET,NISSAN C2 FIRST RESPONSE
28,SIDESWIPE,LAMBORGHINI COUNTACH LP500-2
29,SUNSTREAKER,SUPERCHARGED LAMBORGHINI COUNTACH LP500S
30,WHEELJACK,LANCIA STRATOS TURBO
31,HOIST,TOYOTA HILUX TOW TRUCK
32,SMOKESCREEN,NISSAN S130
33,TRACKS,CHEVROLET CORVETTE C3
34,BLURR,CYBERTRONIAN HOVERCAR
35,HOT ROD,CYBERTRONIAN RACE CAR
36,KUP,CYBERTRONIAN PICKUP TRUCK
37,OPTIMUS PRIME,FREIGHTLINER FL86 COE SEMI-TRAILER TRUCK
38,SENTINEL PRIME,CYBERTRONIAN FIRE TRUCK
39,BLUESTREAK,NISSAN 280ZX TURBO
40,HOUND,MITSUBISHI J59 MILITARY JEEP
41,IRONHIDE,NISSAN VANETTE
42,JAZZ,MARTINI RACING PORSCHE 935
43,MIRAGE,LIGIER JS11 RACER
44,PROWL,NISSAN 280ZX POLICE CAR
45,RATCHET,NISSAN C2 FIRST RESPONSE
46,SIDESWIPE,LAMBORGHINI COUNTACH LP500-2
47,SUNSTREAKER,SUPERCHARGED LAMBORGHINI COUNTACH LP500S
48,WHEELJACK,LANCIA STRATOS TURBO
49,HOIST,TOYOTA HILUX TOW TRUCK
50,SMOKESCREEN,NISSAN S130
51,TRACKS,CHEVROLET CORVETTE C3
52,BLURR,CYBERTRONIAN HOVERCAR
53,HOT ROD,CYBERTRONIAN RACE CAR
54,KUP,CYBERTRONIAN PICKUP TRUCK
55,OPTIMUS PRIME,FREIGHTLINER FL86 COE SEMI-TRAILER TRUCK
56,SENTINEL PRIME,CYBERTRONIAN FIRE TRUCK
57,BLUESTREAK,NISSAN 280ZX TURBO
58,HOUND,MITSUBISHI J59 MILITARY JEEP
59,IRONHIDE,NISSAN VANETTE
60,JAZZ,MARTINI RACING PORSCHE 935
61,MIRAGE,LIGIER JS11 RACER
62,PROWL,NISSAN 280ZX POLICE CAR
63,RATCHET,NISSAN C2 FIRST RESPONSE
64,SIDESWIPE,LAMBORGHINI COUNTACH LP500-2
65,SUNSTREAKER,SUPERCHARGED LAMBORGHINI COUNTACH LP500S
66,WHEELJACK,LANCIA STRATOS TURBO
67,HOIST,TOYOTA HILUX TOW TRUCK
68,SMOKESCREEN,NISSAN S130
69,TRACKS,CHEVROLET CORVETTE C3
70,BLURR,CYBERTRONIAN HOVERCAR
71,HOT ROD,CYBERTRONIAN RACE CAR
72,KUP,CYBERTRONIAN PICKUP TRUCK
73,OPTIMUS PRIME,FREIGHTLINER FL86 COE SEMI-TRAILER TRUCK
74,SENTINEL PRIME,CYBERTRONIAN FIRE TRUCK
75,BLUESTREAK,NISSAN 280ZX TURBO
76,HOUND,MITSUBISHI J59 MILITARY JEEP
77,IRONHIDE,NISSAN VANETTE
78,JAZZ,MARTINI RACING PORSCHE 935
79,MIRAGE,LIGIER JS11 RACER
80,PROWL,NISSAN 280ZX POLICE CAR
81,RATCHET,NISSAN C2 FIRST RESPONSE
82,SIDESWIPE,LAMBORGHINI COUNTACH LP500-2
83,SUNSTREAKER,SUPERCHARGED LAMBORGHINI COUNTACH LP500S
84,WHEELJACK,LANCIA STRATOS TURBO
85,HOIST,TOYOTA HILUX TOW TRUCK
86,SMOKESCREEN,NISSAN S130
87,TRACKS,CHEVROLET CORVETTE C3
88,BLURR,CYBERTRONIAN HOVERCAR
89,HOT ROD,CYBERTRONIAN RACE CAR
90,KUP,CYBERTRONIAN PICKUP TRUCK
91,OPTIMUS PRIME,FREIGHTLINER FL86 COE SEMI-TRAILER TRUCK
92,SENTINEL PRIME,CYBERTRONIAN FIRE TRUCK
93,BLUESTREAK,NISSAN 280ZX TURBO
94,HOUND,MITSUBISHI J59 MILITARY JEEP
95,IRONHIDE,NISSAN VANETTE
96,JAZZ,MARTINI RACING PORSCHE 935
97,MIRAGE,LIGIER JS11 RACER
98,PROWL,NISSAN 280ZX POLICE CAR
99,RATCHET,NISSAN C2 FIRST RESPONSE
100,SIDESWIPE,LAMBORGHINI COUNTACH LP500-2
101,SUNSTREAKER,SUPERCHARGED LAMBORGHINI COUNTACH LP500S
102,WHEELJACK,LANCIA STRATOS TURBO
103,HOIST,TOYOTA HILUX TOW TRUCK
104,SMOKESCREEN,NISSAN S130
105,TRACKS,CHEVROLET CORVETTE C3
106,BLURR,CYBERTRONIAN HOVERCAR
107,HOT ROD,CYBERTRONIAN RACE CAR
108,KUP,CYBERTRONIAN PICKUP TRUCK
109,OPTIMUS PRIME,FREIGHTLINER FL86 COE SEMI-TRAILER TRUCK
110,SENTINEL PRIME,CYBERTRONIAN FIRE TRUCK
111,BLUESTREAK,NISSAN 280ZX TURBO
112,HOUND,MITSUBISHI J59 MILITARY JEEP
113,IRONHIDE,NISSAN VANETTE
114,JAZZ,MARTINI RACING PORSCHE 935
115,MIRAGE,LIGIER JS11 RACER
116,PROWL,NISSAN 280ZX POLICE CAR
117,RATCHET,NISSAN C2 FIRST RESPONSE
118,SIDESWIPE,LAMBORGHINI COUNTACH LP500-2
119,SUNSTREAKER,SUPERCHARGED LAMBORGHINI COUNTACH LP500S
120,WHEELJACK,LANCIA STRATOS TURBO
121,HOIST,TOYOTA HILUX TOW TRUCK
122,SMOKESCREEN,NISSAN S130
123,TRACKS,CHEVROLET CORVETTE C3
124,BLURR,CYBERTRONIAN HOVERCAR
125,HOT ROD,CYBERTRONIAN RACE CAR
126,KUP,CYBERTRONIAN PICKUP TRUCK
127,OPTIMUS PRIME,FREIGHTLINER FL86 COE SEMI-TRAILER TRUCK
128,SENTINEL PRIME,CYBERTRONIAN FIRE TRUCK
129,BLUESTREAK,NISSAN 280ZX TURBO
130,HOUND,MITSUBISHI J59 MILITARY JEEP
131,IRONHIDE,NISSAN VANETTE
132,JAZZ,MARTINI RACING PORSCHE 935
133,MIRAGE,LIGIER JS11 RACER
134,PROWL,NISSAN 280ZX POLICE CAR
135,RATCHET,NISSAN C2 FIRST RESPONSE
136,SIDESWIPE,LAMBORGHINI COUNTACH LP500-2
137,SUNSTREAKER,SUPERCHARGED LAMBORGHINI COUNTACH LP500S
138,WHEELJACK,LANCIA STRATOS TURBO
139,HOIST,TOYOTA HILUX TOW TRUCK
140,SMOKESCREEN,NISSAN S130
141,TRACKS,CHEVROLET CORVETTE C3
142,BLURR,CYBERTRONIAN HOVERCAR
143,HOT ROD,CYBERTRONIAN RACE CAR
144,KUP,CYBERTRONIAN PICKUP TRUCK
145,OPTIMUS PRIME,FREIGHTLINER FL86 COE SEMI-TRAILER TRUCK
146,SENTINEL PRIME,CYBERTRONIAN FIRE TRUCK
147,BLUESTREAK,NISSAN 280ZX TURBO
148,HOUND,MITSUBISHI J59 MILITARY JEEP
149,IRONHIDE,NISSAN VANETTE
150,JAZZ,MARTINI RACING PORSCHE 935
151,MIRAGE,LIGIER JS11 RACER
152,PROWL,NISSAN 280ZX POLICE CAR
153,RATCHET,NISSAN C2 FIRST RESPONSE
154,SIDESWIPE,LAMBORGHINI COUNTACH LP500-2
155,SUNSTREAKER,SUPERCHARGED LAMBORGHINI COUNTACH LP500S
156,WHEELJACK,LANCIA STRATOS TURBO
157,HOIST,TOYOTA HILUX TOW TRUCK
158,SMOKESCREEN,NISSAN S130
159,TRACKS,CHEVROLET CORVETTE C3
160,BLURR,CYBERTRONIAN HOVERCAR
161,HOT ROD,CYBERTRONIAN RACE CAR
162,KUP,CYBERTRONIAN PICKUP TRUCK
163,OPTIMUS PRIME,FREIGHTLINER FL86 COE SEMI-TRAILER TRUCK
164,SENTINEL PRIME,CYBERTRONIAN FIRE TRUCK
165,BLUESTREAK,NISSAN 280ZX TURBO
166,HOUND,MITSUBISHI J59 MILITARY JEEP
167,IRONHIDE,NISSAN VANETTE
168,JAZZ,MARTINI RACING PORSCHE 935
169,MIRAGE,LIGIER JS11 RACER
170,PROWL,NISSAN 280ZX POLICE CAR
171,RATCHET,NISSAN C2 FIRST RESPONSE
172,SIDESWIPE,LAMBORGHINI COUNTACH LP500-2
173,SUNSTREAKER,SUPERCHARGED LAMBORGHINI COUNTACH LP500S
174,WHEELJACK,LANCIA STRATOS TURBO
175,HOIST,TOYOTA HILUX TOW TRUCK
176,SMOKESCREEN,NISSAN S130
177,TRACKS,CHEVROLET CORVETTE C3
178,BLURR,CYBERTRONIAN HOVERCAR
179,HOT ROD,CYBERTRONIAN RACE CAR
180,KUP,CYBERTRONIAN PICKUP TRUCK
181,OPTIMUS PRIME,FREIGHTLINER FL86 COE SEMI-TRAILER TRUCK
182,SENTINEL PRIME,CYBERTRONIAN FIRE TRUCK
183,BLUESTREAK,NISSAN 280ZX TURBO
184,HOUND,MITSUBISHI J59 MILITARY JEEP
185,IRONHIDE,NISSAN VANETTE
186,JAZZ,MARTINI RACING PORSCHE 935
187,MIRAGE,LIGIER JS11 RACER
188,PROWL,NISSAN 280ZX POLICE CAR
189,RATCHET,NISSAN C2 FIRST RESPONSE
190,SIDESWIPE,LAMBORGHINI COUNTACH LP500-2
191,SUNSTREAKER,SUPERCHARGED LAMBORGHINI COUNTACH LP500S
192,WHEELJACK,LANCIA STRATOS TURBO
193,HOIST,TOYOTA HILUX TOW TRUCK
194,SMOKESCREEN,NISSAN S130
195,TRACKS,CHEVROLET CORVETTE C3
196,BLURR,CYBERTRONIAN HOVERCAR
197,HOT ROD,CYBERTRONIAN RACE CAR
198,KUP,CYBERTRONIAN PICKUP TRUCK
199,OPTIMUS PRIME,FREIGHTLINER FL86 COE SEMI-TRAILER TRUCK
200,SENTINEL PRIME,CYBERTRONIAN FIRE TRUCK
201,BLUESTREAK,NISSAN 280ZX TURBO
202,HOUND,MITSUBISHI J59 MILITARY JEEP
203,IRONHIDE,NISSAN VANETTE
204,JAZZ,MARTINI RACING PORSCHE 935
205,MIRAGE,LIGIER JS11 RACER
206,PROWL,NISSAN 280ZX POLICE CAR
207,RATCHET,NISSAN C2 FIRST RESPONSE
208,SIDESWIPE,LAMBORGHINI COUNTACH LP500-2
209,SUNSTREAKER,SUPERCHARGED LAMBORGHINI COUNTACH LP500S
210,WHEELJACK,LANCIA STRATOS TURBO
211,HOIST,TOYOTA HILUX TOW TRUCK
212,SMOKESCREEN,NISSAN S130
213,TRACKS,CHEVROLET CORVETTE C3
214,BLURR,CYBERTRONIAN HOVERCAR
215,HOT ROD,CYBERTRONIAN RACE CAR
216,KUP,CYBERTRONIAN PICKUP TRUCK
217,OPTIMUS PRIME,FREIGHTLINER FL86 COE SEMI-TRAILER TRUCK
218,SENTINEL PRIME,CYBERTRONIAN FIRE TRUCK
219,BLUESTREAK,NISSAN 280ZX TURBO
220,HOUND,MITSUBISHI J59 MILITARY JEEP
221,IRONHIDE,NISSAN VANETTE
222,JAZZ,MARTINI RACING PORSCHE 935
223,MIRAGE,LIGIER JS11 RACER
224,PROWL,NISSAN 280ZX POLICE CAR
225,RATCHET,NISSAN C2 FIRST RESPONSE
226,SIDESWIPE,LAMBORGHINI COUNTACH LP500-2
227,SUNSTREAKER,SUPERCHARGED LAMBORGHINI COUNTACH LP500S
228,WHEELJACK,LANCIA STRATOS TURBO
229,HOIST,TOYOTA HILUX TOW TRUCK
230,SMOKESCREEN,NISSAN S130
231,TRACKS,CHEVROLET CORVETTE C3
232,BLURR,CYBERTRONIAN HOVERCAR
233,HOT ROD,CYBERTRONIAN RACE CAR
234,KUP,CYBERTRONIAN PICKUP TRUCK
235,OPTIMUS PRIME,FREIGHTLINER FL86 COE SEMI-TRAILER TRUCK
236,SENTINEL PRIME,CYBERTRONIAN FIRE TRUCK
237,BLUESTREAK,NISSAN 280ZX TURBO
238,HOUND,MITSUBISHI J59 MILITARY JEEP
239,IRONHIDE,NISSAN VANETTE
240,JAZZ,MARTINI RACING PORSCHE 935
241,MIRAGE,LIGIER JS11 RACER
242,PROWL,NISSAN 280ZX POLICE CAR
243,RATCHET,NISSAN C2 FIRST RESPONSE
244,SIDESWIPE,LAMBORGHINI COUNTACH LP500-2
245,SUNSTREAKER,SUPERCHARGED LAMBORGHINI COUNTACH LP500S
246,WHEELJACK,LANCIA STRATOS TURBO
247,HOIST,TOYOTA HILUX TOW TRUCK
248,SMOKESCREEN,NISSAN S130
249,TRACKS,CHEVROLET CORVETTE C3
250,BLURR,CYBERTRONIAN HOVERCAR
251,HOT ROD,CYBERTRONIAN RACE CAR
252,KUP,CYBERTRONIAN PICKUP TRUCK
253,OPTIMUS PRIME,FREIGHTLINER FL86 COE SEMI-TRAILER TRUCK
254,SENTINEL PRIME,CYBERTRONIAN FIRE TRUCK
255,BLUESTREAK,NISSAN 280ZX TURBO
256,HOUND,MITSUBISHI J59 MILITARY JEEP
257,IRONHIDE,NISSAN VANETTE
258,JAZZ,MARTINI RACING PORSCHE 935
259,MIRAGE,LIGIER JS11 RACER
260,PROWL,NISSAN 280ZX POLICE CAR
261,RATCHET,NISSAN C2 FIRST RESPONSE
262,SIDESWIPE,LAMBORGHINI COUNTACH LP500-2
263,SUNSTREAKER,SUPERCHARGED LAMBORGHINI COUNTACH LP500S
264,WHEELJACK,LANCIA STRATOS TURBO
265,HOIST,TOYOTA HILUX TOW TRUCK
266,SMOKESCREEN,NISSAN S130
267,TRACKS,CHEVROLET CORVETTE C3
268,BLURR,CYBERTRONIAN HOVERCAR
269,HOT ROD,CYBERTRONIAN RACE CAR
270,KUP,CYBERTRONIAN PICKUP TRUCK
271,OPTIMUS PRIME,FREIGHTLINER FL86 COE SEMI-TRAILER TRUCK
272,SENTINEL PRIME,CYBERTRONIAN FIRE TRUCK
273,BLUESTREAK,NISSAN 280ZX TURBO
274,HOUND,MITSUBISHI J59 MILITARY JEEP
275,IRONHIDE,NISSAN VANETTE
276,JAZZ,MARTINI RACING PORSCHE 935
277,MIRAGE,LIGIER JS11 RACER
278,PROWL,NISSAN 280ZX POLICE CAR
279,RATCHET,NISSAN C2 FIRST RESPONSE
280,SIDESWIPE,LAMBORGHINI COUNTACH LP500-2
281,SUNSTREAKER,SUPERCHARGED LAMBORGHINI COUNTACH LP500S
282,WHEELJACK,LANCIA STRATOS TURBO
283,HOIST,TOYOTA HILUX TOW TRUCK
284,SMOKESCREEN,NISSAN S130
285,TRACKS,CHEVROLET CORVETTE C3
286,BLURR,CYBERTRONIAN HOVERCAR
287,HOT ROD,CYBERTRONIAN RACE CAR
288,KUP,CYBERTRONIAN PICKUP TRUCK
289,OPTIMUS PRIME,FREIGHTLINER FL86 COE SEMI-TRAILER TRUCK
290,SENTINEL PRIME,CYBERTRONIAN FIRE TRUCK
291,BLUESTREAK,NISSAN 280ZX TURBO
292,HOUND,MITSUBISHI J59 MILITARY JEEP
293,IRONHIDE,NISSAN VANETTE
294,JAZZ,MARTINI RACING PORSCHE 935
295,MIRAGE,LIGIER JS11 RACER
296,PROWL,NISSAN 280ZX POLICE CAR
297,RATCHET,NISSAN C2 FIRST RESPONSE
298,SIDESWIPE,LAMBORGHINI COUNTACH LP500-2
299,SUNSTREAKER,SUPERCHARGED LAMBORGHINI COUNTACH LP500S
300,WHEELJACK,LANCIA STRATOS TURBO
301,HOIST,TOYOTA HILUX TOW TRUCK
302,SMOKESCREEN,NISSAN S130
303,TRACKS,CHEVROLET CORVETTE C3
304,BLURR,CYBERTRONIAN HOVERCAR
305,HOT ROD,CYBERTRONIAN RACE CAR
306,KUP,CYBERTRONIAN PICKUP TRUCK
307,OPTIMUS PRIME,FREIGHTLINER FL86 COE SEMI-TRAILER TRUCK
308,SENTINEL PRIME,CYBERTRONIAN FIRE TRUCK
309,BLUESTREAK,NISSAN 280ZX TURBO
310,HOUND,MITSUBISHI J59 MILITARY JEEP
311,IRONHIDE,NISSAN VANETTE
312,JAZZ,MARTINI RACING PORSCHE 935
313,MIRAGE,LIGIER JS11 RACER
314,PROWL,NISSAN 280ZX POLICE CAR
315,RATCHET,NISSAN C2 FIRST RESPONSE
316,SIDESWIPE,LAMBORGHINI COUNTACH LP500-2
317,SUNSTREAKER,SUPERCHARGED LAMBORGHINI COUNTACH LP500S
318,WHEELJACK,LANCIA STRATOS TURBO
319,HOIST,TOYOTA HILUX TOW TRUCK
320,SMOKESCREEN,NISSAN S130
321,TRACKS,CHEVROLET CORVETTE C3
322,BLURR,CYBERTRONIAN HOVERCAR
323,HOT ROD,CYBERTRONIAN RACE CAR
324,KUP,CYBERTRONIAN PICKUP TRUCK
325,OPTIMUS PRIME,FREIGHTLINER FL86 COE SEMI-TRAILER TRUCK
326,SENTINEL PRIME,CYBERTRONIAN FIRE TRUCK
327,BLUESTREAK,NISSAN 280ZX TURBO
328,HOUND,MITSUBISHI J59 MILITARY JEEP
329,IRONHIDE,NISSAN VANETTE
330,JAZZ,MARTINI RACING PORSCHE 935
331,MIRAGE,LIGIER JS11 RACER
332,PROWL,NISSAN 280ZX POLICE CAR
333,RATCHET,NISSAN C2 FIRST RESPONSE
334,SIDESWIPE,LAMBORGHINI COUNTACH LP500-2
335,SUNSTREAKER,SUPERCHARGED LAMBORGHINI COUNTACH LP500S
336,WHEELJACK,LANCIA STRATOS TURBO
337,HOIST,TOYOTA HILUX TOW TRUCK
338,SMOKESCREEN,NISSAN S130
339,TRACKS,CHEVROLET CORVETTE C3
340,BLURR,CYBERTRONIAN HOVERCAR
341,HOT ROD,CYBERTRONIAN RACE CAR
342,KUP,CYBERTRONIAN PICKUP TRUCK
343,OPTIMUS PRIME,FREIGHTLINER FL86 COE SEMI-TRAILER TRUCK
344,SENTINEL PRIME,CYBERTRONIAN FIRE TRUCK
345,BLUESTREAK,NISSAN 280ZX TURBO
346,HOUND,MITSUBISHI J59 MILITARY JEEP
347,IRONHIDE,NISSAN VANETTE
348,JAZZ,MARTINI RACING PORSCHE 935
349,MIRAGE,LIGIER JS11 RACER
350,PROWL,NISSAN 280ZX POLICE CAR
351,RATCHET,NISSAN C2 FIRST RESPONSE
352,SIDESWIPE,LAMBORGHINI COUNTACH LP500-2
353,SUNSTREAKER,SUPERCHARGED LAMBORGHINI COUNTACH LP500S
354,WHEELJACK,LANCIA STRATOS TURBO
355,HOIST,TOYOTA HILUX TOW TRUCK
356,SMOKESCREEN,NISSAN S130
357,TRACKS,CHEVROLET CORVETTE C3
358,BLURR,CYBERTRONIAN HOVERCAR
359,HOT ROD,CYBERTRONIAN RACE CAR
360,KUP,CYBERTRONIAN PICKUP TRUCK
361,OPTIMUS PRIME,FREIGHTLINER FL86 COE SEMI-TRAILER TRUCK
362,SENTINEL PRIME,CYBERTRONIAN FIRE TRUCK
363,BLUESTREAK,NISSAN 280ZX TURBO
364,HOUND,MITSUBISHI J59 MILITARY JEEP
365,IRONHIDE,NISSAN VANETTE
366,JAZZ,MARTINI RACING PORSCHE 935
367,MIRAGE,LIGIER JS11 RACER
368,PROWL,NISSAN 280ZX POLICE CAR
369,RATCHET,NISSAN C2 FIRST RESPONSE
370,SIDESWIPE,LAMBORGHINI COUNTACH LP500-2
371,SUNSTREAKER,SUPERCHARGED LAMBORGHINI COUNTACH LP500S
372,WHEELJACK,LANCIA STRATOS TURBO
373,HOIST,TOYOTA HILUX TOW TRUCK
374,SMOKESCREEN,NISSAN S130
375,TRACKS,CHEVROLET CORVETTE C3
376,BLURR,CYBERTRONIAN HOVERCAR
377,HOT ROD,CYBERTRONIAN RACE CAR
378,KUP,CYBERTRONIAN PICKUP TRUCK
379,OPTIMUS PRIME,FREIGHTLINER FL86 COE SEMI-TRAILER TRUCK
380,SENTINEL PRIME,CYBERTRONIAN FIRE TRUCK
381,BLUESTREAK,NISSAN 280ZX TURBO
382,HOUND,MITSUBISHI J59 MILITARY JEEP
383,IRONHIDE,NISSAN VANETTE
384,JAZZ,MARTINI RACING PORSCHE 935
385,MIRAGE,LIGIER JS11 RACER
386,PROWL,NISSAN 280ZX POLICE CAR
387,RATCHET,NISSAN C2 FIRST RESPONSE
388,SIDESWIPE,LAMBORGHINI COUNTACH LP500-2
389,SUNSTREAKER,SUPERCHARGED LAMBORGHINI COUNTACH LP500S
390,WHEELJACK,LANCIA STRATOS TURBO
391,HOIST,TOYOTA HILUX TOW TRUCK
392,SMOKESCREEN,NISSAN S130
393,TRACKS,CHEVROLET CORVETTE C3
394,BLURR,CYBERTRONIAN HOVERCAR
395,HOT ROD,CYBERTRONIAN RACE CAR
396,KUP,CYBERTRONIAN PICKUP TRUCK
397,OPTIMUS PRIME,FREIGHTLINER FL86 COE SEMI-TRAILER TRUCK
398,SENTINEL PRIME,CYBERTRONIAN FIRE TRUCK
399,BLUESTREAK,NISSAN 280ZX TURBO
400,HOUND,MITSUBISHI J59 MILITARY JEEP
401,IRONHIDE,NISSAN VANETTE
402,JAZZ,MARTINI RACING PORSCHE 935
403,MIRAGE,LIGIER JS11 RACER
404,PROWL,NISSAN 280ZX POLICE CAR
405,RATCHET,NISSAN C2 FIRST RESPONSE
406,SIDESWIPE,LAMBORGHINI COUNTACH LP500-2
407,SUNSTREAKER,SUPERCHARGED LAMBORGHINI COUNTACH LP500S
408,WHEELJACK,LANCIA STRATOS TURBO
409,HOIST,TOYOTA HILUX TOW TRUCK
410,SMOKESCREEN,NISSAN S130
411,TRACKS,CHEVROLET CORVETTE C3
412,BLURR,CYBERTRONIAN HOVERCAR
413,HOT ROD,CYBERTRONIAN RACE CAR
414,KUP,CYBERTRONIAN PICKUP TRUCK
415,OPTIMUS PRIME,FREIGHTLINER FL86 COE SEMI-TRAILER TRUCK
416,SENTINEL PRIME,CYBERTRONIAN FIRE TRUCK
417,BLUESTREAK,NISSAN 280ZX TURBO
418,HOUND,MITSUBISHI J59 MILITARY JEEP
419,IRONHIDE,NISSAN VANETTE
420,JAZZ,MARTINI RACING PORSCHE 935
421,MIRAGE,LIGIER JS11 RACER
422,PROWL,NISSAN 280ZX POLICE CAR
423,RATCHET,NISSAN C2 FIRST RESPONSE
424,SIDESWIPE,LAMBORGHINI COUNTACH LP500-2
425,SUNSTREAKER,SUPERCHARGED LAMBORGHINI COUNTACH LP500S
426,WHEELJACK,LANCIA STRATOS TURBO
427,HOIST,TOYOTA HILUX TOW TRUCK
428,SMOKESCREEN,NISSAN S130
429,TRACKS,CHEVROLET CORVETTE C3
430,BLURR,CYBERTRONIAN HOVERCAR
431,HOT ROD,CYBERTRONIAN RACE CAR
432,KUP,CYBERTRONIAN PICKUP TRUCK
433,OPTIMUS PRIME,FREIGHTLINER FL86 COE SEMI-TRAILER TRUCK
434,SENTINEL PRIME,CYBERTRONIAN FIRE TRUCK
435,BLUESTREAK,NISSAN 280ZX TURBO
436,HOUND,MITSUBISHI J59 MILITARY JEEP
437,IRONHIDE,NISSAN VANETTE
438,JAZZ,MARTINI RACING PORSCHE 935
439,MIRAGE,LIGIER JS11 RACER
440,PROWL,NISSAN 280ZX POLICE CAR
441,RATCHET,NISSAN C2 FIRST RESPONSE
442,SIDESWIPE,LAMBORGHINI COUNTACH LP500-2
443,SUNSTREAKER,SUPERCHARGED LAMBORGHINI COUNTACH LP500S
444,WHEELJACK,LANCIA STRATOS TURBO
445,HOIST,TOYOTA HILUX TOW TRUCK
446,SMOKESCREEN,NISSAN S130
447,TRACKS,CHEVROLET CORVETTE C3
448,BLURR,CYBERTRONIAN HOVERCAR
449,HOT ROD,CYBERTRONIAN RACE CAR
450,KUP,CYBERTRONIAN PICKUP TRUCK
451,OPTIMUS PRIME,FREIGHTLINER FL86 COE SEMI-TRAILER TRUCK
452,SENTINEL PRIME,CYBERTRONIAN FIRE TRUCK
453,BLUESTREAK,NISSAN 280ZX TURBO
454,HOUND,MITSUBISHI J59 MILITARY JEEP
455,IRONHIDE,NISSAN VANETTE
456,JAZZ,MARTINI RACING PORSCHE 935
457,MIRAGE,LIGIER JS11 RACER
458,PROWL,NISSAN 280ZX POLICE CAR
459,RATCHET,NISSAN C2 FIRST RESPONSE
460,SIDESWIPE,LAMBORGHINI COUNTACH LP500-2
461,SUNSTREAKER,SUPERCHARGED LAMBORGHINI COUNTACH LP500S
462,WHEELJACK,LANCIA STRATOS TURBO
463,HOIST,TOYOTA HILUX TOW TRUCK
464,SMOKESCREEN,NISSAN S130
465,TRACKS,CHEVROLET CORVETTE C3
466,BLURR,CYBERTRONIAN HOVERCAR
467,HOT ROD,CYBERTRONIAN RACE CAR
468,KUP,CYBERTRONIAN PICKUP TRUCK
469,OPTIMUS PRIME,FREIGHTLINER FL86 COE SEMI-TRAILER TRUCK
470,SENTINEL PRIME,CYBERTRONIAN FIRE TRUCK
471,BLUESTREAK,NISSAN 280ZX TURBO
472,HOUND,MITSUBISHI J59 MILITARY JEEP
473,IRONHIDE,NISSAN VANETTE
474,JAZZ,MARTINI RACING PORSCHE 935
475,MIRAGE,LIGIER JS11 RACER
476,PROWL,NISSAN 280ZX POLICE CAR
477,RATCHET,NISSAN C2 FIRST RESPONSE
478,SIDESWIPE,LAMBORGHINI COUNTACH LP500-2
479,SUNSTREAKER,SUPERCHARGED LAMBORGHINI COUNTACH LP500S
480,WHEELJACK,LANCIA STRATOS TURBO
481,HOIST,TOYOTA HILUX TOW TRUCK
482,SMOKESCREEN,NISSAN S130
483,TRACKS,CHEVROLET CORVETTE C3
484,BLURR,CYBERTRONIAN HOVERCAR
485,HOT ROD,CYBERTRONIAN RACE CAR
486,KUP,CYBERTRONIAN PICKUP TRUCK
487,OPTIMUS PRIME,FREIGHTLINER FL86 COE SEMI-TRAILER TRUCK
488,SENTINEL PRIME,CYBERTRONIAN FIRE TRUCK
489,BLUESTREAK,NISSAN 280ZX TURBO
490,HOUND,MITSUBISHI J59 MILITARY JEEP
491,IRONHIDE,NISSAN VANETTE
492,JAZZ,MARTINI RACING PORSCHE 935
493,MIRAGE,LIGIER JS11 RACER
494,PROWL,NISSAN 280ZX POLICE CAR
495,RATCHET,NISSAN C2 FIRST RESPONSE
496,SIDESWIPE,LAMBORGHINI COUNTACH LP500-2
497,SUNSTREAKER,SUPERCHARGED LAMBORGHINI COUNTACH LP500S
498,WHEELJACK,LANCIA STRATOS TURBO
499,HOIST,TOYOTA HILUX TOW TRUCK
500,SMOKESCREEN,NISSAN S130
501,TRACKS,CHEVROLET CORVETTE C3
502,BLURR,CYBERTRONIAN HOVERCAR
503,HOT ROD,CYBERTRONIAN RACE CAR
504,KUP,CYBERTRONIAN PICKUP TRUCK
505,OPTIMUS PRIME,FREIGHTLINER FL86 COE SEMI-TRAILER TRUCK
506,SENTINEL PRIME,CYBERTRONIAN FIRE TRUCK
507,BLUESTREAK,NISSAN 280ZX TURBO
508,HOUND,MITSUBISHI J59 MILITARY JEEP
509,IRONHIDE,NISSAN VANETTE
510,JAZZ,MARTINI RACING PORSCHE 935
511,MIRAGE,LIGIER JS11 RACER
512,PROWL,NISSAN 280ZX POLICE CAR
513,RATCHET,NISSAN C2 FIRST RESPONSE
514,SIDESWIPE,LAMBORGHINI COUNTACH LP500-2
515,SUNSTREAKER,SUPERCHARGED LAMBORGHINI COUNTACH LP500S
516,WHEELJACK,LANCIA STRATOS TURBO
517,HOIST,TOYOTA HILUX TOW TRUCK
518,SMOKESCREEN,NISSAN S130
519,TRACKS,CHEVROLET CORVETTE C3
520,BLURR,CYBERTRONIAN HOVERCAR
521,HOT ROD,CYBERTRONIAN RACE CAR
522,KUP,CYBERTRONIAN PICKUP TRUCK
523,OPTIMUS PRIME,FREIGHTLINER FL86 COE SEMI-TRAILER TRUCK
524,SENTINEL PRIME,CYBERTRONIAN FIRE TRUCK
525,BLUESTREAK,NISSAN 280ZX TURBO
526,HOUND,MITSUBISHI J59 MILITARY JEEP
527,IRONHIDE,NISSAN VANETTE
528,JAZZ,MARTINI RACING PORSCHE 935
529,MIRAGE,LIGIER JS11 RACER
530,PROWL,NISSAN 280ZX POLICE CAR
531,RATCHET,NISSAN C2 FIRST RESPONSE
532,SIDESWIPE,LAMBORGHINI COUNTACH LP500-2
533,SUNSTREAKER,SUPERCHARGED LAMBORGHINI COUNTACH LP500S
534,WHEELJACK,LANCIA STRATOS TURBO
535,HOIST,TOYOTA HILUX TOW TRUCK
536,SMOKESCREEN,NISSAN S130
537,TRACKS,CHEVROLET CORVETTE C3
538,BLURR,CYBERTRONIAN HOVERCAR
539,HOT ROD,CYBERTRONIAN RACE CAR
540,KUP,CYBERTRONIAN PICKUP TRUCK
541,OPTIMUS PRIME,FREIGHTLINER FL86 COE SEMI-TRAILER TRUCK
542,SENTINEL PRIME,CYBERTRONIAN FIRE TRUCK
543,BLUESTREAK,NISSAN 280ZX TURBO
544,HOUND,MITSUBISHI J59 MILITARY JEEP
545,IRONHIDE,NISSAN VANETTE
546,JAZZ,MARTINI RACING PORSCHE 935
547,MIRAGE,LIGIER JS11 RACER
548,PROWL,NISSAN 280ZX POLICE CAR
549,RATCHET,NISSAN C2 FIRST RESPONSE
550,SIDESWIPE,LAMBORGHINI COUNTACH LP500-2
551,SUNSTREAKER,SUPERCHARGED LAMBORGHINI COUNTACH LP500S
552,WHEELJACK,LANCIA STRATOS TURBO
553,HOIST,TOYOTA HILUX TOW TRUCK
554,SMOKESCREEN,NISSAN S130
555,TRACKS,CHEVROLET CORVETTE C3
556,BLURR,CYBERTRONIAN HOVERCAR
557,HOT ROD,CYBERTRONIAN RACE CAR
558,KUP,CYBERTRONIAN PICKUP TRUCK
559,OPTIMUS PRIME,FREIGHTLINER FL86 COE SEMI-TRAILER TRUCK
560,SENTINEL PRIME,CYBERTRONIAN FIRE TRUCK
561,BLUESTREAK,NISSAN 280ZX TURBO
562,HOUND,MITSUBISHI J59 MILITARY JEEP
563,IRONHIDE,NISSAN VANETTE
564,JAZZ,MARTINI RACING PORSCHE 935
565,MIRAGE,LIGIER JS11 RACER
566,PROWL,NISSAN 280ZX POLICE CAR
567,RATCHET,NISSAN C2 FIRST RESPONSE
568,SIDESWIPE,LAMBORGHINI COUNTACH LP500-2
569,SUNSTREAKER,SUPERCHARGED LAMBORGHINI COUNTACH LP500S
570,WHEELJACK,LANCIA STRATOS TURBO
571,HOIST,TOYOTA HILUX TOW TRUCK
572,SMOKESCREEN,NISSAN S130
573,TRACKS,CHEVROLET CORVETTE C3
574,BLURR,CYBERTRONIAN HOVERCAR
575,HOT ROD,CYBERTRONIAN RACE CAR
576,KUP,CYBERTRONIAN PICKUP TRUCK
577,OPTIMUS PRIME,FREIGHTLINER FL86 COE SEMI-TRAILER TRUCK
578,SENTINEL PRIME,CYBERTRONIAN FIRE TRUCK
579,BLUESTREAK,NISSAN 280ZX TURBO
580,HOUND,MITSUBISHI J59 MILITARY JEEP
581,IRONHIDE,NISSAN VANETTE
582,JAZZ,MARTINI RACING PORSCHE 935
583,MIRAGE,LIGIER JS11 RACER
584,PROWL,NISSAN 280ZX POLICE CAR
585,RATCHET,NISSAN C2 FIRST RESPONSE
586,SIDESWIPE,LAMBORGHINI COUNTACH LP500-2
587,SUNSTREAKER,SUPERCHARGED LAMBORGHINI COUNTACH LP500S
588,WHEELJACK,LANCIA STRATOS TURBO
589,HOIST,TOYOTA HILUX TOW TRUCK
590,SMOKESCREEN,NISSAN S130
591,TRACKS,CHEVROLET CORVETTE C3
592,BLURR,CYBERTRONIAN HOVERCAR
593,HOT ROD,CYBERTRONIAN RACE CAR
594,KUP,CYBERTRONIAN PICKUP TRUCK
595,OPTIMUS PRIME,FREIGHTLINER FL86 COE SEMI-TRAILER TRUCK
596,SENTINEL PRIME,CYBERTRONIAN FIRE TRUCK
597,BLUESTREAK,NISSAN 280ZX TURBO
598,HOUND,MITSUBISHI J59 MILITARY JEEP
599,IRONHIDE,NISSAN VANETTE
600,JAZZ,MARTINI RACING PORSCHE 935
601,MIRAGE,LIGIER JS11 RACER
602,PROWL,NISSAN 280ZX POLICE CAR
603,RATCHET,NISSAN C2 FIRST RESPONSE
604,SIDESWIPE,LAMBORGHINI COUNTACH LP500-2
605,SUNSTREAKER,SUPERCHARGED LAMBORGHINI COUNTACH LP500S
606,WHEELJACK,LANCIA STRATOS TURBO
607,HOIST,TOYOTA HILUX TOW TRUCK
608,SMOKESCREEN,NISSAN S130
609,TRACKS,CHEVROLET CORVETTE C3
610,BLURR,CYBERTRONIAN HOVERCAR
611,HOT ROD,CYBERTRONIAN RACE CAR
612,KUP,CYBERTRONIAN PICKUP TRUCK
613,OPTIMUS PRIME,FREIGHTLINER FL86 COE SEMI-TRAILER TRUCK
614,SENTINEL PRIME,CYBERTRONIAN FIRE TRUCK
615,BLUESTREAK,NISSAN 280ZX TURBO
616,HOUND,MITSUBISHI J59 MILITARY JEEP
617,IRONHIDE,NISSAN VANETTE
618,JAZZ,MARTINI RACING PORSCHE 935
619,MIRAGE,LIGIER JS11 RACER
620,PROWL,NISSAN 280ZX POLICE CAR
621,RATCHET,NISSAN C2 FIRST RESPONSE
622,SIDESWIPE,LAMBORGHINI COUNTACH LP500-2
623,SUNSTREAKER,SUPERCHARGED LAMBORGHINI COUNTACH LP500S
624,WHEELJACK,LANCIA STRATOS TURBO
625,HOIST,TOYOTA HILUX TOW TRUCK
626,SMOKESCREEN,NISSAN S130
627,TRACKS,CHEVROLET CORVETTE C3
628,BLURR,CYBERTRONIAN HOVERCAR
629,HOT ROD,CYBERTRONIAN RACE CAR
630,KUP,CYBERTRONIAN PICKUP TRUCK
631,OPTIMUS PRIME,FREIGHTLINER FL86 COE SEMI-TRAILER TRUCK
632,SENTINEL PRIME,CYBERTRONIAN FIRE TRUCK
633,BLUESTREAK,NISSAN 280ZX TURBO
634,HOUND,MITSUBISHI J59 MILITARY JEEP
635,IRONHIDE,NISSAN VANETTE
636,JAZZ,MARTINI RACING PORSCHE 935
637,MIRAGE,LIGIER JS11 RACER
638,PROWL,NISSAN 280ZX POLICE CAR
639,RATCHET,NISSAN C2 FIRST RESPONSE
640,SIDESWIPE,LAMBORGHINI COUNTACH LP500-2
641,SUNSTREAKER,SUPERCHARGED LAMBORGHINI COUNTACH LP500S
642,WHEELJACK,LANCIA STRATOS TURBO
643,HOIST,TOYOTA HILUX TOW TRUCK
644,SMOKESCREEN,NISSAN S130
645,TRACKS,CHEVROLET CORVETTE C3
646,BLURR,CYBERTRONIAN HOVERCAR
647,HOT ROD,CYBERTRONIAN RACE CAR
648,KUP,CYBERTRONIAN PICKUP TRUCK
649,OPTIMUS PRIME,FREIGHTLINER FL86 COE SEMI-TRAILER TRUCK
650,SENTINEL PRIME,CYBERTRONIAN FIRE TRUCK
651,BLUESTREAK,NISSAN 280ZX TURBO
652,HOUND,MITSUBISHI J59 MILITARY JEEP
653,IRONHIDE,NISSAN VANETTE
654,JAZZ,MARTINI RACING PORSCHE 935
655,MIRAGE,LIGIER JS11 RACER
656,PROWL,NISSAN 280ZX POLICE CAR
657,RATCHET,NISSAN C2 FIRST RESPONSE
658,SIDESWIPE,LAMBORGHINI COUNTACH LP500-2
659,SUNSTREAKER,SUPERCHARGED LAMBORGHINI COUNTACH LP500S
660,WHEELJACK,LANCIA STRATOS TURBO
661,HOIST,TOYOTA HILUX TOW TRUCK
662,SMOKESCREEN,NISSAN S130
663,TRACKS,CHEVROLET CORVETTE C3
664,BLURR,CYBERTRONIAN HOVERCAR
665,HOT ROD,CYBERTRONIAN RACE CAR
666,KUP,CYBERTRONIAN PICKUP TRUCK
667,OPTIMUS PRIME,FREIGHTLINER FL86 COE SEMI-TRAILER TRUCK
668,SENTINEL PRIME,CYBERTRONIAN FIRE TRUCK
669,BLUESTREAK,NISSAN 280ZX TURBO
670,HOUND,MITSUBISHI J59 MILITARY JEEP
671,IRONHIDE,NISSAN VANETTE
672,JAZZ,MARTINI RACING PORSCHE 935
673,MIRAGE,LIGIER JS11 RACER
674,PROWL,NISSAN 280ZX POLICE CAR
675,RATCHET,NISSAN C2 FIRST RESPONSE
676,SIDESWIPE,LAMBORGHINI COUNTACH LP500-2
677,SUNSTREAKER,SUPERCHARGED LAMBORGHINI COUNTACH LP500S
678,WHEELJACK,LANCIA STRATOS TURBO
679,HOIST,TOYOTA HILUX TOW TRUCK
680,SMOKESCREEN,NISSAN S130
681,TRACKS,CHEVROLET CORVETTE C3
682,BLURR,CYBERTRONIAN HOVERCAR
683,HOT ROD,CYBERTRONIAN RACE CAR
684,KUP,CYBERTRONIAN PICKUP TRUCK
685,OPTIMUS PRIME,FREIGHTLINER FL86 COE SEMI-TRAILER TRUCK
686,SENTINEL PRIME,CYBERTRONIAN FIRE TRUCK
687,BLUESTREAK,NISSAN 280ZX TURBO
688,HOUND,MITSUBISHI J59 MILITARY JEEP
689,IRONHIDE,NISSAN VANETTE
690,JAZZ,MARTINI RACING PORSCHE 935
691,MIRAGE,LIGIER JS11 RACER
692,PROWL,NISSAN 280ZX POLICE CAR
693,RATCHET,NISSAN C2 FIRST RESPONSE
694,SIDESWIPE,LAMBORGHINI COUNTACH LP500-2
695,SUNSTREAKER,SUPERCHARGED LAMBORGHINI COUNTACH LP500S
696,WHEELJACK,LANCIA STRATOS TURBO
697,HOIST,TOYOTA HILUX TOW TRUCK
698,SMOKESCREEN,NISSAN S130
699,TRACKS,CHEVROLET CORVETTE C3
700,BLURR,CYBERTRONIAN HOVERCAR
701,HOT ROD,CYBERTRONIAN RACE CAR
702,KUP,CYBERTRONIAN PICKUP TRUCK
703,OPTIMUS PRIME,FREIGHTLINER FL86 COE SEMI-TRAILER TRUCK
704,SENTINEL PRIME,CYBERTRONIAN FIRE TRUCK
705,BLUESTREAK,NISSAN 280ZX TURBO
706,HOUND,MITSUBISHI J59 MILITARY JEEP
707,IRONHIDE,NISSAN VANETTE
708,JAZZ,MARTINI RACING PORSCHE 935
709,MIRAGE,LIGIER JS11 RACER
710,PROWL,NISSAN 280ZX POLICE CAR
711,RATCHET,NISSAN C2 FIRST RESPONSE
712,SIDESWIPE,LAMBORGHINI COUNTACH LP500-2
713,SUNSTREAKER,SUPERCHARGED LAMBORGHINI COUNTACH LP500S
714,WHEELJACK,LANCIA STRATOS TURBO
715,HOIST,TOYOTA HILUX TOW TRUCK
716,SMOKESCREEN,NISSAN S130
717,TRACKS,CHEVROLET CORVETTE C3
718,BLURR,CYBERTRONIAN HOVERCAR
719,HOT ROD,CYBERTRONIAN RACE CAR
720,KUP,CYBERTRONIAN PICKUP TRUCK
721,OPTIMUS PRIME,FREIGHTLINER FL86 COE SEMI-TRAILER TRUCK
722,SENTINEL PRIME,CYBERTRONIAN FIRE TRUCK
723,BLUESTREAK,NISSAN 280ZX TURBO
724,HOUND,MITSUBISHI J59 MILITARY JEEP
725,IRONHIDE,NISSAN VANETTE
726,JAZZ,MARTINI RACING PORSCHE 935
727,MIRAGE,LIGIER JS11 RACER
728,PROWL,NISSAN 280ZX POLICE CAR
729,RATCHET,NISSAN C2 FIRST RESPONSE
730,SIDESWIPE,LAMBORGHINI COUNTACH LP500-2
731,SUNSTREAKER,SUPERCHARGED LAMBORGHINI COUNTACH LP500S
732,WHEELJACK,LANCIA STRATOS TURBO
733,HOIST,TOYOTA HILUX TOW TRUCK
734,SMOKESCREEN,NISSAN S130
735,TRACKS,CHEVROLET CORVETTE C3
736,BLURR,CYBERTRONIAN HOVERCAR
737,HOT ROD,CYBERTRONIAN RACE CAR
738,KUP,CYBERTRONIAN PICKUP TRUCK
739,OPTIMUS PRIME,FREIGHTLINER FL86 COE SEMI-TRAILER TRUCK
740,SENTINEL PRIME,CYBERTRONIAN FIRE TRUCK
741,BLUESTREAK,NISSAN 280ZX TURBO
742,HOUND,MITSUBISHI J59 MILITARY JEEP
743,IRONHIDE,NISSAN VANETTE
744,JAZZ,MARTINI RACING PORSCHE 935
745,MIRAGE,LIGIER JS11 RACER
746,PROWL,NISSAN 280ZX POLICE CAR
747,RATCHET,NISSAN C2 FIRST RESPONSE
748,SIDESWIPE,LAMBORGHINI COUNTACH LP500-2
749,SUNSTREAKER,SUPERCHARGED LAMBORGHINI COUNTACH LP500S
750,WHEELJACK,LANCIA STRATOS TURBO
751,HOIST,TOYOTA HILUX TOW TRUCK
752,SMOKESCREEN,NISSAN S130
753,TRACKS,CHEVROLET CORVETTE C3
754,BLURR,CYBERTRONIAN HOVERCAR
755,HOT ROD,CYBERTRONIAN RACE CAR
756,KUP,CYBERTRONIAN PICKUP TRUCK
757,OPTIMUS PRIME,FREIGHTLINER FL86 COE SEMI-TRAILER TRUCK
758,SENTINEL PRIME,CYBERTRONIAN FIRE TRUCK
759,BLUESTREAK,NISSAN 280ZX TURBO
760,HOUND,MITSUBISHI J59 MILITARY JEEP
761,IRONHIDE,NISSAN VANETTE
762,JAZZ,MARTINI RACING PORSCHE 935
763,MIRAGE,LIGIER JS11 RACER
764,PROWL,NISSAN 280ZX POLICE CAR
765,RATCHET,NISSAN C2 FIRST RESPONSE
766,SIDESWIPE,LAMBORGHINI COUNTACH LP500-2
767,SUNSTREAKER,SUPERCHARGED LAMBORGHINI COUNTACH LP500S
768,WHEELJACK,LANCIA STRATOS TURBO
769,HOIST,TOYOTA HILUX TOW TRUCK
770,SMOKESCREEN,NISSAN S130
771,TRACKS,CHEVROLET CORVETTE C3
772,BLURR,CYBERTRONIAN HOVERCAR
773,HOT ROD,CYBERTRONIAN RACE CAR
774,KUP,CYBERTRONIAN PICKUP TRUCK
775,OPTIMUS PRIME,FREIGHTLINER FL86 COE SEMI-TRAILER TRUCK
776,SENTINEL PRIME,CYBERTRONIAN FIRE TRUCK
777,BLUESTREAK,NISSAN 280ZX TURBO
778,HOUND,MITSUBISHI J59 MILITARY JEEP
779,IRONHIDE,NISSAN VANETTE
780,JAZZ,MARTINI RACING PORSCHE 935
781,MIRAGE,LIGIER JS11 RACER
782,PROWL,NISSAN 280ZX POLICE CAR
783,RATCHET,NISSAN C2 FIRST RESPONSE
784,SIDESWIPE,LAMBORGHINI COUNTACH LP500-2
785,SUNSTREAKER,SUPERCHARGED LAMBORGHINI COUNTACH LP500S
786,WHEELJACK,LANCIA STRATOS TURBO
787,HOIST,TOYOTA HILUX TOW TRUCK
788,SMOKESCREEN,NISSAN S130
789,TRACKS,CHEVROLET CORVETTE C3
790,BLURR,CYBERTRONIAN HOVERCAR
791,HOT ROD,CYBERTRONIAN RACE CAR
792,KUP,CYBERTRONIAN PICKUP TRUCK
793,OPTIMUS PRIME,FREIGHTLINER FL86 COE SEMI-TRAILER TRUCK
794,SENTINEL PRIME,CYBERTRONIAN FIRE TRUCK
795,BLUESTREAK,NISSAN 280ZX TURBO
796,HOUND,MITSUBISHI J59 MILITARY JEEP
797,IRONHIDE,NISSAN VANETTE
798,JAZZ,MARTINI RACING PORSCHE 935
799,MIRAGE,LIGIER JS11 RACER
800,PROWL,NISSAN 280ZX POLICE CAR
801,RATCHET,NISSAN C2 FIRST RESPONSE
802,SIDESWIPE,LAMBORGHINI COUNTACH LP500-2
803,SUNSTREAKER,SUPERCHARGED LAMBORGHINI COUNTACH LP500S
804,WHEELJACK,LANCIA STRATOS TURBO
805,HOIST,TOYOTA HILUX TOW TRUCK
806,SMOKESCREEN,NISSAN S130
807,TRACKS,CHEVROLET CORVETTE C3
808,BLURR,CYBERTRONIAN HOVERCAR
809,HOT ROD,CYBERTRONIAN RACE CAR
810,KUP,CYBERTRONIAN PICKUP TRUCK
811,OPTIMUS PRIME,FREIGHTLINER FL86 COE SEMI-TRAILER TRUCK
812,SENTINEL PRIME,CYBERTRONIAN FIRE TRUCK
813,BLUESTREAK,NISSAN 280ZX TURBO
814,HOUND,MITSUBISHI J59 MILITARY JEEP
815,IRONHIDE,NISSAN VANETTE
816,JAZZ,MARTINI RACING PORSCHE 935
817,MIRAGE,LIGIER JS11 RACER
818,PROWL,NISSAN 280ZX POLICE CAR
819,RATCHET,NISSAN C2 FIRST RESPONSE
820,SIDESWIPE,LAMBORGHINI COUNTACH LP500-2
821,SUNSTREAKER,SUPERCHARGED LAMBORGHINI COUNTACH LP500S
822,WHEELJACK,LANCIA STRATOS TURBO
823,HOIST,TOYOTA HILUX TOW TRUCK
824,SMOKESCREEN,NISSAN S130
825,TRACKS,CHEVROLET CORVETTE C3
826,BLURR,CYBERTRONIAN HOVERCAR
827,HOT ROD,CYBERTRONIAN RACE CAR
828,KUP,CYBERTRONIAN PICKUP TRUCK
829,OPTIMUS PRIME,FREIGHTLINER FL86 COE SEMI-TRAILER TRUCK
830,SENTINEL PRIME,CYBERTRONIAN FIRE TRUCK
831,BLUESTREAK,NISSAN 280ZX TURBO
832,HOUND,MITSUBISHI J59 MILITARY JEEP
833,IRONHIDE,NISSAN VANETTE
834,JAZZ,MARTINI RACING PORSCHE 935
835,MIRAGE,LIGIER JS11 RACER
836,PROWL,NISSAN 280ZX POLICE CAR
837,RATCHET,NISSAN C2 FIRST RESPONSE
838,SIDESWIPE,LAMBORGHINI COUNTACH LP500-2
839,SUNSTREAKER,SUPERCHARGED LAMBORGHINI COUNTACH LP500S
840,WHEELJACK,LANCIA STRATOS TURBO
841,HOIST,TOYOTA HILUX TOW TRUCK
842,SMOKESCREEN,NISSAN S130
843,TRACKS,CHEVROLET CORVETTE C3
844,BLURR,CYBERTRONIAN HOVERCAR
845,HOT ROD,CYBERTRONIAN RACE CAR
846,KUP,CYBERTRONIAN PICKUP TRUCK
847,OPTIMUS PRIME,FREIGHTLINER FL86 COE SEMI-TRAILER TRUCK
848,SENTINEL PRIME,CYBERTRONIAN FIRE TRUCK
849,BLUESTREAK,NISSAN 280ZX TURBO
850,HOUND,MITSUBISHI J59 MILITARY JEEP
851,IRONHIDE,NISSAN VANETTE
852,JAZZ,MARTINI RACING PORSCHE 935
853,MIRAGE,LIGIER JS11 RACER
854,PROWL,NISSAN 280ZX POLICE CAR
855,RATCHET,NISSAN C2 FIRST RESPONSE
856,SIDESWIPE,LAMBORGHINI COUNTACH LP500-2
857,SUNSTREAKER,SUPERCHARGED LAMBORGHINI COUNTACH LP500S
858,WHEELJACK,LANCIA STRATOS TURBO
859,HOIST,TOYOTA HILUX TOW TRUCK
860,SMOKESCREEN,NISSAN S130
861,TRACKS,CHEVROLET CORVETTE C3
862,BLURR,CYBERTRONIAN HOVERCAR
863,HOT ROD,CYBERTRONIAN RACE CAR
864,KUP,CYBERTRONIAN PICKUP TRUCK
865,OPTIMUS PRIME,FREIGHTLINER FL86 COE SEMI-TRAILER TRUCK
866,SENTINEL PRIME,CYBERTRONIAN FIRE TRUCK
867,BLUESTREAK,NISSAN 280ZX TURBO
868,HOUND,MITSUBISHI J59 MILITARY JEEP
869,IRONHIDE,NISSAN VANETTE
870,JAZZ,MARTINI RACING PORSCHE 935
871,MIRAGE,LIGIER JS11 RACER
872,PROWL,NISSAN 280ZX POLICE CAR
873,RATCHET,NISSAN C2 FIRST RESPONSE
874,SIDESWIPE,LAMBORGHINI COUNTACH LP500-2
875,SUNSTREAKER,SUPERCHARGED LAMBORGHINI COUNTACH LP500S
876,WHEELJACK,LANCIA STRATOS TURBO
877,HOIST,TOYOTA HILUX TOW TRUCK
878,SMOKESCREEN,NISSAN S130
879,TRACKS,CHEVROLET CORVETTE C3
880,BLURR,CYBERTRONIAN HOVERCAR
881,HOT ROD,CYBERTRONIAN RACE CAR
882,KUP,CYBERTRONIAN PICKUP TRUCK
883,OPTIMUS PRIME,FREIGHTLINER FL86 COE SEMI-TRAILER TRUCK
884,SENTINEL PRIME,CYBERTRONIAN FIRE TRUCK
885,BLUESTREAK,NISSAN 280ZX TURBO
886,HOUND,MITSUBISHI J59 MILITARY JEEP
887,IRONHIDE,NISSAN VANETTE
888,JAZZ,MARTINI RACING PORSCHE 935
889,MIRAGE,LIGIER JS11 RACER
890,PROWL,NISSAN 280ZX POLICE CAR
891,RATCHET,NISSAN C2 FIRST RESPONSE
892,SIDESWIPE,LAMBORGHINI COUNTACH LP500-2
893,SUNSTREAKER,SUPERCHARGED LAMBORGHINI COUNTACH LP500S
894,WHEELJACK,LANCIA STRATOS TURBO
895,HOIST,TOYOTA HILUX TOW TRUCK
896,SMOKESCREEN,NISSAN S130
897,TRACKS,CHEVROLET CORVETTE C3
898,BLURR,CYBERTRONIAN HOVERCAR
899,HOT ROD,CYBERTRONIAN RACE CAR
900,KUP,CYBERTRONIAN PICKUP TRUCK
901,OPTIMUS PRIME,FREIGHTLINER FL86 COE SEMI-TRAILER TRUCK
902,SENTINEL PRIME,CYBERTRONIAN FIRE TRUCK
903,BLUESTREAK,NISSAN 280ZX TURBO
904,HOUND,MITSUBISHI J59 MILITARY JEEP
905,IRONHIDE,NISSAN VANETTE
906,JAZZ,MARTINI RACING PORSCHE 935
907,MIRAGE,LIGIER JS11 RACER
908,PROWL,NISSAN 280ZX POLICE CAR
909,RATCHET,NISSAN C2 FIRST RESPONSE
910,SIDESWIPE,LAMBORGHINI COUNTACH LP500-2
911,SUNSTREAKER,SUPERCHARGED LAMBORGHINI COUNTACH LP500S
912,WHEELJACK,LANCIA STRATOS TURBO
913,HOIST,TOYOTA HILUX TOW TRUCK
914,SMOKESCREEN,NISSAN S130
915,TRACKS,CHEVROLET CORVETTE C3
916,BLURR,CYBERTRONIAN HOVERCAR
917,HOT ROD,CYBERTRONIAN RACE CAR
918,KUP,CYBERTRONIAN PICKUP TRUCK
919,OPTIMUS PRIME,FREIGHTLINER FL86 COE SEMI-TRAILER TRUCK
920,SENTINEL PRIME,CYBERTRONIAN FIRE TRUCK
921,BLUESTREAK,NISSAN 280ZX TURBO
922,HOUND,MITSUBISHI J59 MILITARY JEEP
923,IRONHIDE,NISSAN VANETTE
924,JAZZ,MARTINI RACING PORSCHE 935
925,MIRAGE,LIGIER JS11 RACER
926,PROWL,NISSAN 280ZX POLICE CAR
927,RATCHET,NISSAN C2 FIRST RESPONSE
928,SIDESWIPE,LAMBORGHINI COUNTACH LP500-2
929,SUNSTREAKER,SUPERCHARGED LAMBORGHINI COUNTACH LP500S
930,WHEELJACK,LANCIA STRATOS TURBO
931,HOIST,TOYOTA HILUX TOW TRUCK
932,SMOKESCREEN,NISSAN S130
933,TRACKS,CHEVROLET CORVETTE C3
934,BLURR,CYBERTRONIAN HOVERCAR
935,HOT ROD,CYBERTRONIAN RACE CAR
936,KUP,CYBERTRONIAN PICKUP TRUCK
937,OPTIMUS PRIME,FREIGHTLINER FL86 COE SEMI-TRAILER TRUCK
938,SENTINEL PRIME,CYBERTRONIAN FIRE TRUCK
939,BLUESTREAK,NISSAN 280ZX TURBO
940,HOUND,MITSUBISHI J59 MILITARY JEEP
941,IRONHIDE,NISSAN VANETTE
942,JAZZ,MARTINI RACING PORSCHE 935
943,MIRAGE,LIGIER JS11 RACER
944,PROWL,NISSAN 280ZX POLICE CAR
945,RATCHET,NISSAN C2 FIRST RESPONSE
946,SIDESWIPE,LAMBORGHINI COUNTACH LP500-2
947,SUNSTREAKER,SUPERCHARGED LAMBORGHINI COUNTACH LP500S
948,WHEELJACK,LANCIA STRATOS TURBO
949,HOIST,TOYOTA HILUX TOW TRUCK
950,SMOKESCREEN,NISSAN S130
951,TRACKS,CHEVROLET CORVETTE C3
952,BLURR,CYBERTRONIAN HOVERCAR
953,HOT ROD,CYBERTRONIAN RACE CAR
954,KUP,CYBERTRONIAN PICKUP TRUCK
955,OPTIMUS PRIME,FREIGHTLINER FL86 COE SEMI-TRAILER TRUCK
956,SENTINEL PRIME,CYBERTRONIAN FIRE TRUCK
957,BLUESTREAK,NISSAN 280ZX TURBO
958,HOUND,MITSUBISHI J59 MILITARY JEEP
959,IRONHIDE,NISSAN VANETTE
960,JAZZ,MARTINI RACING PORSCHE 935
961,MIRAGE,LIGIER JS11 RACER
962,PROWL,NISSAN 280ZX POLICE CAR
963,RATCHET,NISSAN C2 FIRST RESPONSE
964,SIDESWIPE,LAMBORGHINI COUNTACH LP500-2
965,SUNSTREAKER,SUPERCHARGED LAMBORGHINI COUNTACH LP500S
966,WHEELJACK,LANCIA STRATOS TURBO
967,HOIST,TOYOTA HILUX TOW TRUCK
968,SMOKESCREEN,NISSAN S130
969,TRACKS,CHEVROLET CORVETTE C3
970,BLURR,CYBERTRONIAN HOVERCAR
971,HOT ROD,CYBERTRONIAN RACE CAR
972,KUP,CYBERTRONIAN PICKUP TRUCK
973,OPTIMUS PRIME,FREIGHTLINER FL86 COE SEMI-TRAILER TRUCK
974,SENTINEL PRIME,CYBERTRONIAN FIRE TRUCK
975,BLUESTREAK,NISSAN 280ZX TURBO
976,HOUND,MITSUBISHI J59 MILITARY JEEP
977,IRONHIDE,NISSAN VANETTE
978,JAZZ,MARTINI RACING PORSCHE 935
979,MIRAGE,LIGIER JS11 RACER
980,PROWL,NISSAN 280ZX POLICE CAR
981,RATCHET,NISSAN C2 FIRST RESPONSE
982,SIDESWIPE,LAMBORGHINI COUNTACH LP500-2
983,SUNSTREAKER,SUPERCHARGED LAMBORGHINI COUNTACH LP500S
984,WHEELJACK,LANCIA STRATOS TURBO
985,HOIST,TOYOTA HILUX TOW TRUCK
986,SMOKESCREEN,NISSAN S130
987,TRACKS,CHEVROLET CORVETTE C3
988,BLURR,CYBERTRONIAN HOVERCAR
989,HOT ROD,CYBERTRONIAN RACE CAR
990,KUP,CYBERTRONIAN PICKUP TRUCK
991,OPTIMUS PRIME,FREIGHTLINER FL86 COE SEMI-TRAILER TRUCK
992,SENTINEL PRIME,CYBERTRONIAN FIRE TRUCK
993,BLUESTREAK,NISSAN 280ZX TURBO
994,HOUND,MITSUBISHI J59 MILITARY JEEP
995,IRONHIDE,NISSAN VANETTE
996,JAZZ,MARTINI RACING PORSCHE 935
997,MIRAGE,LIGIER JS11 RACER
998,PROWL,NISSAN 280ZX POLICE CAR
999,RATCHET,NISSAN C2 FIRST RESPONSE
1000,SIDESWIPE,LAMBORGHINI COUNTACH LP500-2
1001,SUNSTREAKER,SUPERCHARGED LAMBORGHINI COUNTACH LP500S
1002,WHEELJACK,LANCIA STRATOS TURBO
1003,HOIST,TOYOTA HILUX TOW TRUCK
1004,SMOKESCREEN,NISSAN S130
1005,TRACKS,CHEVROLET CORVETTE C3
1006,BLURR,CYBERTRONIAN HOVERCAR
1007,HOT ROD,CYBERTRONIAN RACE CAR
1008,KUP,CYBERTRONIAN PICKUP TRUCK
1009,OPTIMUS PRIME,FREIGHTLINER FL86 COE SEMI-TRAILER TRUCK
1010,SENTINEL PRIME,CYBERTRONIAN FIRE TRUCK
1011,BLUESTREAK,NISSAN 280ZX TURBO
1012,HOUND,MITSUBISHI J59 MILITARY JEEP
1013,IRONHIDE,NISSAN VANETTE
1014,JAZZ,MARTINI RACING PORSCHE 935
1015,MIRAGE,LIGIER JS11 RACER
1016,PROWL,NISSAN 280ZX POLICE CAR
1017,RATCHET,NISSAN C2 FIRST RESPONSE
1018,SIDESWIPE,LAMBORGHINI COUNTACH LP500-2
1019,SUNSTREAKER,SUPERCHARGED LAMBORGHINI COUNTACH LP500S
1020,WHEELJACK,LANCIA STRATOS TURBO
1021,HOIST,TOYOTA HILUX TOW TRUCK
1022,SMOKESCREEN,NISSAN S130
1023,TRACKS,CHEVROLET CORVETTE C3
1024,BLURR,CYBERTRONIAN HOVERCAR
1025,HOT ROD,CYBERTRONIAN RACE CAR
1026,KUP,CYBERTRONIAN PICKUP TRUCK
1027,OPTIMUS PRIME,FREIGHTLINER FL86 COE SEMI-TRAILER TRUCK
1028,SENTINEL PRIME,CYBERTRONIAN FIRE TRUCK
1029,BLUESTREAK,NISSAN 280ZX TURBO
1030,HOUND,MITSUBISHI J59 MILITARY JEEP
1031,IRONHIDE,NISSAN VANETTE
1032,JAZZ,MARTINI RACING PORSCHE 935
1033,MIRAGE,LIGIER JS11 RACER
1034,PROWL,NISSAN 280ZX POLICE CAR
1035,RATCHET,NISSAN C2 FIRST RESPONSE
1036,SIDESWIPE,LAMBORGHINI COUNTACH LP500-2
1037,SUNSTREAKER,SUPERCHARGED LAMBORGHINI COUNTACH LP500S
1038,WHEELJACK,LANCIA STRATOS TURBO
1039,HOIST,TOYOTA HILUX TOW TRUCK
1040,SMOKESCREEN,NISSAN S130
1041,TRACKS,CHEVROLET CORVETTE C3
1042,BLURR,CYBERTRONIAN HOVERCAR
1043,HOT ROD,CYBERTRONIAN RACE CAR
1044,KUP,CYBERTRONIAN PICKUP TRUCK
1045,OPTIMUS PRIME,FREIGHTLINER FL86 COE SEMI-TRAILER TRUCK
1046,SENTINEL PRIME,CYBERTRONIAN FIRE TRUCK
1047,BLUESTREAK,NISSAN 280ZX TURBO
1048,HOUND,MITSUBISHI J59 MILITARY JEEP
1049,IRONHIDE,NISSAN VANETTE
1050,JAZZ,MARTINI RACING PORSCHE 935
1051,MIRAGE,LIGIER JS11 RACER
1052,PROWL,NISSAN 280ZX POLICE CAR
1053,RATCHET,NISSAN C2 FIRST RESPONSE
1054,SIDESWIPE,LAMBORGHINI COUNTACH LP500-2
1055,SUNSTREAKER,SUPERCHARGED LAMBORGHINI COUNTACH LP500S
1056,WHEELJACK,LANCIA STRATOS TURBO
1057,HOIST,TOYOTA HILUX TOW TRUCK
1058,SMOKESCREEN,NISSAN S130
1059,TRACKS,CHEVROLET CORVETTE C3
1060,BLURR,CYBERTRONIAN HOVERCAR
1061,HOT ROD,CYBERTRONIAN RACE CAR
1062,KUP,CYBERTRONIAN PICKUP TRUCK
1063,OPTIMUS PRIME,FREIGHTLINER FL86 COE SEMI-TRAILER TRUCK
1064,SENTINEL PRIME,CYBERTRONIAN FIRE TRUCK
1065,BLUESTREAK,NISSAN 280ZX TURBO
1066,HOUND,MITSUBISHI J59 MILITARY JEEP
1067,IRONHIDE,NISSAN VANETTE
1068,JAZZ,MARTINI RACING PORSCHE 935
1069,MIRAGE,LIGIER JS11 RACER
1070,PROWL,NISSAN 280ZX POLICE CAR
1071,RATCHET,NISSAN C2 FIRST RESPONSE
1072,SIDESWIPE,LAMBORGHINI COUNTACH LP500-2
1073,SUNSTREAKER,SUPERCHARGED LAMBORGHINI COUNTACH LP500S
1074,WHEELJACK,LANCIA STRATOS TURBO
1075,HOIST,TOYOTA HILUX TOW TRUCK
1076,SMOKESCREEN,NISSAN S130
1077,TRACKS,CHEVROLET CORVETTE C3
1078,BLURR,CYBERTRONIAN HOVERCAR
1079,HOT ROD,CYBERTRONIAN RACE CAR
1080,KUP,CYBERTRONIAN PICKUP TRUCK
1081,OPTIMUS PRIME,FREIGHTLINER FL86 COE SEMI-TRAILER TRUCK
1082,SENTINEL PRIME,CYBERTRONIAN FIRE TRUCK
1083,BLUESTREAK,NISSAN 280ZX TURBO
1084,HOUND,MITSUBISHI J59 MILITARY JEEP
1085,IRONHIDE,NISSAN VANETTE
1086,JAZZ,MARTINI RACING PORSCHE 935
1087,MIRAGE,LIGIER JS11 RACER
1088,PROWL,NISSAN 280ZX POLICE CAR
1089,RATCHET,NISSAN C2 FIRST RESPONSE
1090,SIDESWIPE,LAMBORGHINI COUNTACH LP500-2
1091,SUNSTREAKER,SUPERCHARGED LAMBORGHINI COUNTACH LP500S
1092,WHEELJACK,LANCIA STRATOS TURBO
1093,HOIST,TOYOTA HILUX TOW TRUCK
1094,SMOKESCREEN,NISSAN S130
1095,TRACKS,CHEVROLET CORVETTE C3
1096,BLURR,CYBERTRONIAN HOVERCAR
1097,HOT ROD,CYBERTRONIAN RACE CAR
1098,KUP,CYBERTRONIAN PICKUP TRUCK
1099,OPTIMUS PRIME,FREIGHTLINER FL86 COE SEMI-TRAILER TRUCK
1100,SENTINEL PRIME,CYBERTRONIAN FIRE TRUCK
1101,BLUESTREAK,NISSAN 280ZX TURBO
1102,HOUND,MITSUBISHI J59 MILITARY JEEP
1103,IRONHIDE,NISSAN VANETTE
1104,JAZZ,MARTINI RACING PORSCHE 935
1105,MIRAGE,LIGIER JS11 RACER
1106,PROWL,NISSAN 280ZX POLICE CAR
1107,RATCHET,NISSAN C2 FIRST RESPONSE
1108,SIDESWIPE,LAMBORGHINI COUNTACH LP500-2
1109,SUNSTREAKER,SUPERCHARGED LAMBORGHINI COUNTACH LP500S
1110,WHEELJACK,LANCIA STRATOS TURBO
1111,HOIST,TOYOTA HILUX TOW TRUCK
1112,SMOKESCREEN,NISSAN S130
1113,TRACKS,CHEVROLET CORVETTE C3
1114,BLURR,CYBERTRONIAN HOVERCAR
1115,HOT ROD,CYBERTRONIAN RACE CAR
1116,KUP,CYBERTRONIAN PICKUP TRUCK
1117,OPTIMUS PRIME,FREIGHTLINER FL86 COE SEMI-TRAILER TRUCK
1118,SENTINEL PRIME,CYBERTRONIAN FIRE TRUCK
1119,BLUESTREAK,NISSAN 280ZX TURBO
1120,HOUND,MITSUBISHI J59 MILITARY JEEP
1121,IRONHIDE,NISSAN VANETTE
1122,JAZZ,MARTINI RACING PORSCHE 935
1123,MIRAGE,LIGIER JS11 RACER
1124,PROWL,NISSAN 280ZX POLICE CAR
1125,RATCHET,NISSAN C2 FIRST RESPONSE
1126,SIDESWIPE,LAMBORGHINI COUNTACH LP500-2
1127,SUNSTREAKER,SUPERCHARGED LAMBORGHINI COUNTACH LP500S
1128,WHEELJACK,LANCIA STRATOS TURBO
1129,HOIST,TOYOTA HILUX TOW TRUCK
1130,SMOKESCREEN,NISSAN S130
1131,TRACKS,CHEVROLET CORVETTE C3
1132,BLURR,CYBERTRONIAN HOVERCAR
1133,HOT ROD,CYBERTRONIAN RACE CAR
1134,KUP,CYBERTRONIAN PICKUP TRUCK
1135,OPTIMUS PRIME,FREIGHTLINER FL86 COE SEMI-TRAILER TRUCK
1136,SENTINEL PRIME,CYBERTRONIAN FIRE TRUCK
1137,BLUESTREAK,NISSAN 280ZX TURBO
1138,HOUND,MITSUBISHI J59 MILITARY JEEP
1139,IRONHIDE,NISSAN VANETTE
1140,JAZZ,MARTINI RACING PORSCHE 935
1141,MIRAGE,LIGIER JS11 RACER
1142,PROWL,NISSAN 280ZX POLICE CAR
1143,RATCHET,NISSAN C2 FIRST RESPONSE
1144,SIDESWIPE,LAMBORGHINI COUNTACH LP500-2
1145,SUNSTREAKER,SUPERCHARGED LAMBORGHINI COUNTACH LP500S
1146,WHEELJACK,LANCIA STRATOS TURBO
1147,HOIST,TOYOTA HILUX TOW TRUCK
1148,SMOKESCREEN,NISSAN S130
1149,TRACKS,CHEVROLET CORVETTE C3
1150,BLURR,CYBERTRONIAN HOVERCAR
1151,HOT ROD,CYBERTRONIAN RACE CAR
1152,KUP,CYBERTRONIAN PICKUP TRUCK
1153,OPTIMUS PRIME,FREIGHTLINER FL86 COE SEMI-TRAILER TRUCK
1154,SENTINEL PRIME,CYBERTRONIAN FIRE TRUCK
1155,BLUESTREAK,NISSAN 280ZX TURBO
1156,HOUND,MITSUBISHI J59 MILITARY JEEP
1157,IRONHIDE,NISSAN VANETTE
1158,JAZZ,MARTINI RACING PORSCHE 935
1159,MIRAGE,LIGIER JS11 RACER
1160,PROWL,NISSAN 280ZX POLICE CAR
1161,RATCHET,NISSAN C2 FIRST RESPONSE
1162,SIDESWIPE,LAMBORGHINI COUNTACH LP500-2
1163,SUNSTREAKER,SUPERCHARGED LAMBORGHINI COUNTACH LP500S
1164,WHEELJACK,LANCIA STRATOS TURBO
1165,HOIST,TOYOTA HILUX TOW TRUCK
1166,SMOKESCREEN,NISSAN S130
1167,TRACKS,CHEVROLET CORVETTE C3
1168,BLURR,CYBERTRONIAN HOVERCAR
1169,HOT ROD,CYBERTRONIAN RACE CAR
1170,KUP,CYBERTRONIAN PICKUP TRUCK
1171,OPTIMUS PRIME,FREIGHTLINER FL86 COE SEMI-TRAILER TRUCK
1172,SENTINEL PRIME,CYBERTRONIAN FIRE TRUCK
1173,BLUESTREAK,NISSAN 280ZX TURBO
1174,HOUND,MITSUBISHI J59 MILITARY JEEP
1175,IRONHIDE,NISSAN VANETTE
1176,JAZZ,MARTINI RACING PORSCHE 935
1177,MIRAGE,LIGIER JS11 RACER
1178,PROWL,NISSAN 280ZX POLICE CAR
1179,RATCHET,NISSAN C2 FIRST RESPONSE
1180,SIDESWIPE,LAMBORGHINI COUNTACH LP500-2
1181,SUNSTREAKER,SUPERCHARGED LAMBORGHINI COUNTACH LP500S
1182,WHEELJACK,LANCIA STRATOS TURBO
1183,HOIST,TOYOTA HILUX TOW TRUCK
1184,SMOKESCREEN,NISSAN S130
1185,TRACKS,CHEVROLET CORVETTE C3
1186,BLURR,CYBERTRONIAN HOVERCAR
1187,HOT ROD,CYBERTRONIAN RACE CAR
1188,KUP,CYBERTRONIAN PICKUP TRUCK
1189,OPTIMUS PRIME,FREIGHTLINER FL86 COE SEMI-TRAILER TRUCK
1190,SENTINEL PRIME,CYBERTRONIAN FIRE TRUCK
1191,BLUESTREAK,NISSAN 280ZX TURBO
1192,HOUND,MITSUBISHI J59 MILITARY JEEP
1193,IRONHIDE,NISSAN VANETTE
1194,JAZZ,MARTINI RACING PORSCHE 935
1195,MIRAGE,LIGIER JS11 RACER
1196,PROWL,NISSAN 280ZX POLICE CAR
1197,RATCHET,NISSAN C2 FIRST RESPONSE
1198,SIDESWIPE,LAMBORGHINI COUNTACH LP500-2
1199,SUNSTREAKER,SUPERCHARGED LAMBORGHINI COUNTACH LP500S
1200,WHEELJACK,LANCIA STRATOS TURBO
1201,HOIST,TOYOTA HILUX TOW TRUCK
1202,SMOKESCREEN,NISSAN S130
1203,TRACKS,CHEVROLET CORVETTE C3
1204,BLURR,CYBERTRONIAN HOVERCAR
1205,HOT ROD,CYBERTRONIAN RACE CAR
1206,KUP,CYBERTRONIAN PICKUP TRUCK
1207,OPTIMUS PRIME,FREIGHTLINER FL86 COE SEMI-TRAILER TRUCK
1208,SENTINEL PRIME,CYBERTRONIAN FIRE TRUCK
1209,BLUESTREAK,NISSAN 280ZX TURBO
1210,HOUND,MITSUBISHI J59 MILITARY JEEP
1211,IRONHIDE,NISSAN VANETTE
1212,JAZZ,MARTINI RACING PORSCHE 935
1213,MIRAGE,LIGIER JS11 RACER
1214,PROWL,NISSAN 280ZX POLICE CAR
1215,RATCHET,NISSAN C2 FIRST RESPONSE
1216,SIDESWIPE,LAMBORGHINI COUNTACH LP500-2
1217,SUNSTREAKER,SUPERCHARGED LAMBORGHINI COUNTACH LP500S
1218,WHEELJACK,LANCIA STRATOS TURBO
1219,HOIST,TOYOTA HILUX TOW TRUCK
1220,SMOKESCREEN,NISSAN S130
1221,TRACKS,CHEVROLET CORVETTE C3
1222,BLURR,CYBERTRONIAN HOVERCAR
1223,HOT ROD,CYBERTRONIAN RACE CAR
1224,KUP,CYBERTRONIAN PICKUP TRUCK
1225,OPTIMUS PRIME,FREIGHTLINER FL86 COE SEMI-TRAILER TRUCK
1226,SENTINEL PRIME,CYBERTRONIAN FIRE TRUCK
1227,BLUESTREAK,NISSAN 280ZX TURBO
1228,HOUND,MITSUBISHI J59 MILITARY JEEP
1229,IRONHIDE,NISSAN VANETTE
1230,JAZZ,MARTINI RACING PORSCHE 935
1231,MIRAGE,LIGIER JS11 RACER
1232,PROWL,NISSAN 280ZX POLICE CAR
1233,RATCHET,NISSAN C2 FIRST RESPONSE
1234,SIDESWIPE,LAMBORGHINI COUNTACH LP500-2
1235,SUNSTREAKER,SUPERCHARGED LAMBORGHINI COUNTACH LP500S
1236,WHEELJACK,LANCIA STRATOS TURBO
1237,HOIST,TOYOTA HILUX TOW TRUCK
1238,SMOKESCREEN,NISSAN S130
1239,TRACKS,CHEVROLET CORVETTE C3
1240,BLURR,CYBERTRONIAN HOVERCAR
1241,HOT ROD,CYBERTRONIAN RACE CAR
1242,KUP,CYBERTRONIAN PICKUP TRUCK
1243,OPTIMUS PRIME,FREIGHTLINER FL86 COE SEMI-TRAILER TRUCK
1244,SENTINEL PRIME,CYBERTRONIAN FIRE TRUCK
1245,BLUESTREAK,NISSAN 280ZX TURBO
1246,HOUND,MITSUBISHI J59 MILITARY JEEP
1247,IRONHIDE,NISSAN VANETTE
1248,JAZZ,MARTINI RACING PORSCHE 935
1249,MIRAGE,LIGIER JS11 RACER
1250,PROWL,NISSAN 280ZX POLICE CAR
1251,RATCHET,NISSAN C2 FIRST RESPONSE
1252,SIDESWIPE,LAMBORGHINI COUNTACH LP500-2
1253,SUNSTREAKER,SUPERCHARGED LAMBORGHINI COUNTACH LP500S
1254,WHEELJACK,LANCIA STRATOS TURBO
1255,HOIST,TOYOTA HILUX TOW TRUCK
1256,SMOKESCREEN,NISSAN S130
1257,TRACKS,CHEVROLET CORVETTE C3
1258,BLURR,CYBERTRONIAN HOVERCAR
1259,HOT ROD,CYBERTRONIAN RACE CAR
1260,KUP,CYBERTRONIAN PICKUP TRUCK
1261,OPTIMUS PRIME,FREIGHTLINER FL86 COE SEMI-TRAILER TRUCK
1262,SENTINEL PRIME,CYBERTRONIAN FIRE TRUCK
1263,BLUESTREAK,NISSAN 280ZX TURBO
1264,HOUND,MITSUBISHI J59 MILITARY JEEP
1265,IRONHIDE,NISSAN VANETTE
1266,JAZZ,MARTINI RACING PORSCHE 935
1267,MIRAGE,LIGIER JS11 RACER
1268,PROWL,NISSAN 280ZX POLICE CAR
1269,RATCHET,NISSAN C2 FIRST RESPONSE
1270,SIDESWIPE,LAMBORGHINI COUNTACH LP500-2
1271,SUNSTREAKER,SUPERCHARGED LAMBORGHINI COUNTACH LP500S
1272,WHEELJACK,LANCIA STRATOS TURBO
1273,HOIST,TOYOTA HILUX TOW TRUCK
1274,SMOKESCREEN,NISSAN S130
1275,TRACKS,CHEVROLET CORVETTE C3
1276,BLURR,CYBERTRONIAN HOVERCAR
1277,HOT ROD,CYBERTRONIAN RACE CAR
1278,KUP,CYBERTRONIAN PICKUP TRUCK
1279,OPTIMUS PRIME,FREIGHTLINER FL86 COE SEMI-TRAILER TRUCK
1280,SENTINEL PRIME,CYBERTRONIAN FIRE TRUCK
1281,BLUESTREAK,NISSAN 280ZX TURBO
1282,HOUND,MITSUBISHI J59 MILITARY JEEP
1283,IRONHIDE,NISSAN VANETTE
1284,JAZZ,MARTINI RACING PORSCHE 935
1285,MIRAGE,LIGIER JS11 RACER
1286,PROWL,NISSAN 280ZX POLICE CAR
1287,RATCHET,NISSAN C2 FIRST RESPONSE
1288,SIDESWIPE,LAMBORGHINI COUNTACH LP500-2
1289,SUNSTREAKER,SUPERCHARGED LAMBORGHINI COUNTACH LP500S
1290,WHEELJACK,LANCIA STRATOS TURBO
1291,HOIST,TOYOTA HILUX TOW TRUCK
1292,SMOKESCREEN,NISSAN S130
1293,TRACKS,CHEVROLET CORVETTE C3
1294,BLURR,CYBERTRONIAN HOVERCAR
1295,HOT ROD,CYBERTRONIAN RACE CAR
1296,KUP,CYBERTRONIAN PICKUP TRUCK
1297,OPTIMUS PRIME,FREIGHTLINER FL86 COE SEMI-TRAILER TRUCK
1298,SENTINEL PRIME,CYBERTRONIAN FIRE TRUCK
1299,BLUESTREAK,NISSAN 280ZX TURBO
1300,HOUND,MITSUBISHI J59 MILITARY JEEP
1301,IRONHIDE,NISSAN VANETTE
1302,JAZZ,MARTINI RACING PORSCHE 935
1303,MIRAGE,LIGIER JS11 RACER
1304,PROWL,NISSAN 280ZX POLICE CAR
1305,RATCHET,NISSAN C2 FIRST RESPONSE
1306,SIDESWIPE,LAMBORGHINI COUNTACH LP500-2
1307,SUNSTREAKER,SUPERCHARGED LAMBORGHINI COUNTACH LP500S
1308,WHEELJACK,LANCIA STRATOS TURBO
1309,HOIST,TOYOTA HILUX TOW TRUCK
1310,SMOKESCREEN,NISSAN S130
1311,TRACKS,CHEVROLET CORVETTE C3
1312,BLURR,CYBERTRONIAN HOVERCAR
1313,HOT ROD,CYBERTRONIAN RACE CAR
1314,KUP,CYBERTRONIAN PICKUP TRUCK
1315,OPTIMUS PRIME,FREIGHTLINER FL86 COE SEMI-TRAILER TRUCK
1316,SENTINEL PRIME,CYBERTRONIAN FIRE TRUCK
1317,BLUESTREAK,NISSAN 280ZX TURBO
1318,HOUND,MITSUBISHI J59 MILITARY JEEP
1319,IRONHIDE,NISSAN VANETTE
1320,JAZZ,MARTINI RACING PORSCHE 935
1321,MIRAGE,LIGIER JS11 RACER
1322,PROWL,NISSAN 280ZX POLICE CAR
1323,RATCHET,NISSAN C2 FIRST RESPONSE
1324,SIDESWIPE,LAMBORGHINI COUNTACH LP500-2
1325,SUNSTREAKER,SUPERCHARGED LAMBORGHINI COUNTACH LP500S
1326,WHEELJACK,LANCIA STRATOS TURBO
1327,HOIST,TOYOTA HILUX TOW TRUCK
1328,SMOKESCREEN,NISSAN S130
1329,TRACKS,CHEVROLET CORVETTE C3
1330,BLURR,CYBERTRONIAN HOVERCAR
1331,HOT ROD,CYBERTRONIAN RACE CAR
1332,KUP,CYBERTRONIAN PICKUP TRUCK
1333,OPTIMUS PRIME,FREIGHTLINER FL86 COE SEMI-TRAILER TRUCK
1334,SENTINEL PRIME,CYBERTRONIAN FIRE TRUCK
1335,BLUESTREAK,NISSAN 280ZX TURBO
1336,HOUND,MITSUBISHI J59 MILITARY JEEP
1337,IRONHIDE,NISSAN VANETTE
1338,JAZZ,MARTINI RACING PORSCHE 935
1339,MIRAGE,LIGIER JS11 RACER
1340,PROWL,NISSAN 280ZX POLICE CAR
1341,RATCHET,NISSAN C2 FIRST RESPONSE
1342,SIDESWIPE,LAMBORGHINI COUNTACH LP500-2
1343,SUNSTREAKER,SUPERCHARGED LAMBORGHINI COUNTACH LP500S
1344,WHEELJACK,LANCIA STRATOS TURBO
1345,HOIST,TOYOTA HILUX TOW TRUCK
1346,SMOKESCREEN,NISSAN S130
1347,TRACKS,CHEVROLET CORVETTE C3
1348,BLURR,CYBERTRONIAN HOVERCAR
1349,HOT ROD,CYBERTRONIAN RACE CAR
1350,KUP,CYBERTRONIAN PICKUP TRUCK
1351,OPTIMUS PRIME,FREIGHTLINER FL86 COE SEMI-TRAILER TRUCK
1352,SENTINEL PRIME,CYBERTRONIAN FIRE TRUCK
1353,BLUESTREAK,NISSAN 280ZX TURBO
1354,HOUND,MITSUBISHI J59 MILITARY JEEP
1355,IRONHIDE,NISSAN VANETTE
1356,JAZZ,MARTINI RACING PORSCHE 935
1357,MIRAGE,LIGIER JS11 RACER
1358,PROWL,NISSAN 280ZX POLICE CAR
1359,RATCHET,NISSAN C2 FIRST RESPONSE
1360,SIDESWIPE,LAMBORGHINI COUNTACH LP500-2
1361,SUNSTREAKER,SUPERCHARGED LAMBORGHINI COUNTACH LP500S
1362,WHEELJACK,LANCIA STRATOS TURBO
1363,HOIST,TOYOTA HILUX TOW TRUCK
1364,SMOKESCREEN,NISSAN S130
1365,TRACKS,CHEVROLET CORVETTE C3
1366,BLURR,CYBERTRONIAN HOVERCAR
1367,HOT ROD,CYBERTRONIAN RACE CAR
1368,KUP,CYBERTRONIAN PICKUP TRUCK
1369,OPTIMUS PRIME,FREIGHTLINER FL86 COE SEMI-TRAILER TRUCK
1370,SENTINEL PRIME,CYBERTRONIAN FIRE TRUCK
1371,BLUESTREAK,NISSAN 280ZX TURBO
1372,HOUND,MITSUBISHI J59 MILITARY JEEP
1373,IRONHIDE,NISSAN VANETTE
1374,JAZZ,MARTINI RACING PORSCHE 935
1375,MIRAGE,LIGIER JS11 RACER
1376,PROWL,NISSAN 280ZX POLICE CAR
1377,RATCHET,NISSAN C2 FIRST RESPONSE
1378,SIDESWIPE,LAMBORGHINI COUNTACH LP500-2
1379,SUNSTREAKER,SUPERCHARGED LAMBORGHINI COUNTACH LP500S
1380,WHEELJACK,LANCIA STRATOS TURBO
1381,HOIST,TOYOTA HILUX TOW TRUCK
1382,SMOKESCREEN,NISSAN S130
1383,TRACKS,CHEVROLET CORVETTE C3
1384,BLURR,CYBERTRONIAN HOVERCAR
1385,HOT ROD,CYBERTRONIAN RACE CAR
1386,KUP,CYBERTRONIAN PICKUP TRUCK
